<?xml version="1.0" encoding="UTF-8"?>
<alto xmlns:xsi="http://www.w3.org/2001/XMLSchema-instance"
      xmlns="http://www.loc.gov/standards/alto/ns-v4#"
      xsi:schemaLocation="http://www.loc.gov/standards/alto/ns-v4# http://www.loc.gov/standards/alto/v4/alto-4-2.xsd">
  <Description>
    <MeasurementUnit>pixel</MeasurementUnit>
    <sourceImageInformation>
      <fileName>17_5035f_default.jpg</fileName>
      <fileIdentifier>https://gallica.bnf.fr/iiif/ark:/12148/btv1b7100018t/f18/full/full/0/default.jpg</fileIdentifier>
    </sourceImageInformation>
  </Description>
  
  <Tags>
    <OtherTag ID="BT1622" LABEL="DropCapitalZone" DESCRIPTION="block type DropCapitalZone"/><OtherTag ID="BT1623" LABEL="MainZone" DESCRIPTION="block type MainZone"/><OtherTag ID="BT1624" LABEL="MarginTextZone" DESCRIPTION="block type MarginTextZone"/><OtherTag ID="BT1625" LABEL="NumberingZone" DESCRIPTION="block type NumberingZone"/><OtherTag ID="BT1626" LABEL="RunningTitleZone" DESCRIPTION="block type RunningTitleZone"/>
    <OtherTag ID="LT535" LABEL="DropCapitalLine" DESCRIPTION="line type DropCapitalLine"/><OtherTag ID="LT536" LABEL="MainLine" DESCRIPTION="line type MainLine"/><OtherTag ID="LT537" LABEL="MarginTextLine" DESCRIPTION="line type MarginTextLine"/><OtherTag ID="LT538" LABEL="NumberingLine" DESCRIPTION="line type NumberingLine"/><OtherTag ID="LT539" LABEL="RunningTitleLine" DESCRIPTION="line type RunningTitleLine"/>
  </Tags>
  
  <Layout>
    <Page WIDTH="4080"
          HEIGHT="5440"
          PHYSICAL_IMG_NR="0"
          ID="eSc_dummypage_">
      <PrintSpace HPOS="0"
                  VPOS="0"
                  WIDTH="4080"
                  HEIGHT="5440">
        
        <TextBlock HPOS="808"
                   VPOS="1758"
                   WIDTH="474"
                   HEIGHT="291"
                   ID="eSc_textblock_1fcd0cf6"
                   TAGREFS="BT1622">
          <Shape><Polygon POINTS="860 1758 839 1934 808 1984 827 2049 860 2044 1282 2042 1282 1758"/></Shape>
          
          
          <TextLine ID="eSc_line_0ba5b774"
                    TAGREFS="LT535"
                    BASELINE="847 2039 848 2039 884 2038 1006 2035 1101 2037 1204 2037 1276 2039" 
                    HPOS="838"
                    VPOS="1740"
                    WIDTH="435"
                    HEIGHT="331">
            <Shape><Polygon POINTS="843 2035 838 1740 1269 1740 1273 2035 1264 2067 902 2049 847 2071"/></Shape>
	    <String CONTENT="D"
                    HPOS="838"
                    VPOS="1740"
                    WIDTH="435"
                    HEIGHT="331"></String>
          </TextLine>

          
        </TextBlock>
        
        <TextBlock HPOS="797"
                   VPOS="1747"
                   WIDTH="1320"
                   HEIGHT="2382"
                   ID="eSc_textblock_ea02c689"
                   TAGREFS="BT1623">
          <Shape><Polygon POINTS="2026 1772 2080 1795 2044 2534 2117 3984 2062 4111 942 4129 858 3203 860 3203 860 2915 870 2914 797 2055 1289 2053 1298 1749 1479 1749 2038 1747"/></Shape>
          
          
          <TextLine ID="eSc_line_5e701748"
                    TAGREFS="LT536"
                    BASELINE="1307 2044 1313 2042 1347 2042 1489 2042 2056 2040" 
                    HPOS="1301"
                    VPOS="1931"
                    WIDTH="752"
                    HEIGHT="136">
            <Shape><Polygon POINTS="1305 2040 1301 1935 2049 1931 2053 2040 2053 2053 1305 2067"/></Shape>
	    <String CONTENT="ue le echiẽde en pẽsans"
                    HPOS="1301"
                    VPOS="1931"
                    WIDTH="752"
                    HEIGHT="136"></String>
          </TextLine>

          
        </TextBlock>
        
        <TextBlock HPOS="2121"
                   VPOS="544"
                   WIDTH="1343"
                   HEIGHT="3549"
                   ID="eSc_textblock_a838ce88"
                   TAGREFS="BT1623">
          <Shape><Polygon POINTS="3458 652 3440 2933 3463 3028 3464 3027 3464 3069 3422 3137 3458 4093 2284 4093 2230 816 2121 634 3137 544"/></Shape>
          
          
          <TextLine ID="eSc_line_a6b64f38"
                    TAGREFS="LT536"
                    BASELINE="2230 707 3445 698" 
                    HPOS="2221"
                    VPOS="544"
                    WIDTH="1224"
                    HEIGHT="185">
            <Shape><Polygon POINTS="2230 707 2221 598 2493 602 2520 589 2584 548 2588 548 2593 548 2597 548 2729 548 2733 548 2801 584 2824 598 2856 584 2955 544 2960 544 2964 544 2969 544 2973 544 3032 580 3041 584 3046 580 3118 544 3123 544 3128 544 3218 544 3223 544 3227 544 3268 575 3300 598 3431 575 3445 698 3440 720 2230 729"/></Shape>
	    <String CONTENT="De tane ame L ꝑscillus ce lai monser"
                    HPOS="2221"
                    VPOS="544"
                    WIDTH="1224"
                    HEIGHT="185"></String>
          </TextLine>

          
          
          <TextLine ID="eSc_line_d7e1946a"
                    TAGREFS="LT536"
                    BASELINE="2244 793 3395 784" 
                    HPOS="2234"
                    VPOS="707"
                    WIDTH="1161"
                    HEIGHT="145">
            <Shape><Polygon POINTS="2244 793 2234 716 3381 707 3395 784 3390 816 3132 843 3128 843 3123 843 3118 843 3096 829 3069 811 2874 811 2824 834 2815 838 2810 838 2806 838 2774 838 2516 816 2434 847 2429 847 2244 852"/></Shape>
	    <String CONTENT="ent less pluc vantereuses ⁊ pe mõses"
                    HPOS="2234"
                    VPOS="707"
                    WIDTH="1161"
                    HEIGHT="145"></String>
          </TextLine>

          
          
          <TextLine ID="eSc_line_969ff951"
                    TAGREFS="LT536"
                    BASELINE="2254 879 3422 874" 
                    HPOS="2244"
                    VPOS="784"
                    WIDTH="1174"
                    HEIGHT="127">
            <Shape><Polygon POINTS="2253 874 2244 811 2461 784 2466 784 3409 788 3418 870 3413 897 2253 911"/></Shape>
	    <String CONTENT="l t amsi õõmne ses leestet mondai"
                    HPOS="2244"
                    VPOS="784"
                    WIDTH="1174"
                    HEIGHT="127"></String>
          </TextLine>

          
          
          <TextLine ID="eSc_line_5d692b23"
                    TAGREFS="LT536"
                    BASELINE="2253 970 3372 956" 
                    HPOS="2244"
                    VPOS="856"
                    WIDTH="1128"
                    HEIGHT="136">
            <Shape><Polygon POINTS="2253 970 2244 861 2393 856 2398 856 2402 856 2407 856 2411 861 2452 884 2584 865 2615 861 2620 861 3363 879 3372 956 3368 992 2253 992"/></Shape>
	    <String CONTENT="met se fusent ci psouir͛ laussi sis"
                    HPOS="2244"
                    VPOS="856"
                    WIDTH="1128"
                    HEIGHT="136"></String>
          </TextLine>

          
          
          <TextLine ID="eSc_line_0866c3c1"
                    TAGREFS="LT536"
                    BASELINE="2248 1051 3422 1038" 
                    HPOS="2234"
                    VPOS="947"
                    WIDTH="1188"
                    HEIGHT="127">
            <Shape><Polygon POINTS="2248 1051 2234 983 2298 956 2302 956 2307 956 2624 974 2661 952 2665 952 2670 952 2674 952 2928 970 3028 947 3032 947 3037 947 3413 970 3422 1038 3418 1060 2248 1074"/></Shape>
	    <String CONTENT="Jmiseret Set hõmet ont seurs nt en"
                    HPOS="2234"
                    VPOS="947"
                    WIDTH="1188"
                    HEIGHT="127"></String>
          </TextLine>

          
          
          <TextLine ID="eSc_line_10438c1b"
                    TAGREFS="LT536"
                    BASELINE="2248 1133 3409 1124" 
                    HPOS="2244"
                    VPOS="1042"
                    WIDTH="1165"
                    HEIGHT="118">
            <Shape><Polygon POINTS="2248 1133 2244 1042 3400 1051 3409 1124 3404 1160 2248 1160"/></Shape>
	    <String CONTENT="Joie qui suruient . Et pareillemẽt"
                    HPOS="2244"
                    VPOS="1042"
                    WIDTH="1165"
                    HEIGHT="118"></String>
          </TextLine>

          
          
          <TextLine ID="eSc_line_b495905a"
                    TAGREFS="LT536"
                    BASELINE="2248 1219 3422 1210" 
                    HPOS="2239"
                    VPOS="1133"
                    WIDTH="1183"
                    HEIGHT="109">
            <Shape><Polygon POINTS="2248 1219 2239 1137 3409 1133 3422 1210 3422 1228 2248 1242"/></Shape>
	    <String CONTENT="js aueusdia de cesce peine et douseuir"
                    HPOS="2239"
                    VPOS="1133"
                    WIDTH="1183"
                    HEIGHT="109"></String>
          </TextLine>

          
          
          <TextLine ID="eSc_line_8e8e43bb"
                    TAGREFS="LT536"
                    BASELINE="2248 1301 3404 1301" 
                    HPOS="2244"
                    VPOS="1219"
                    WIDTH="1160"
                    HEIGHT="109">
            <Shape><Polygon POINTS="2248 1301 2244 1224 3400 1219 3404 1301 3404 1328 2248 1328"/></Shape>
	    <String CONTENT="qui est frieue et comptinse en pou"
                    HPOS="2244"
                    VPOS="1219"
                    WIDTH="1160"
                    HEIGHT="109"></String>
          </TextLine>

          
          
          <TextLine ID="eSc_line_b6cba86d"
                    TAGREFS="LT536"
                    BASELINE="2234 1378 3418 1387" 
                    HPOS="2230"
                    VPOS="1282"
                    WIDTH="1188"
                    HEIGHT="132">
            <Shape><Polygon POINTS="2234 1378 2234 1282 3413 1301 3418 1387 3413 1400 2230 1414"/></Shape>
	    <String CONTENT="Sscuipcure tar apces sen ensuiur"
                    HPOS="2230"
                    VPOS="1282"
                    WIDTH="1188"
                    HEIGHT="132"></String>
          </TextLine>

          
          
          <TextLine ID="eSc_line_3b8861f4"
                    TAGREFS="LT536"
                    BASELINE="2253 1468 3381 1459" 
                    HPOS="2244"
                    VPOS="1378"
                    WIDTH="1137"
                    HEIGHT="118">
            <Shape><Polygon POINTS="2253 1468 2244 1396 3368 1378 3381 1459 3377 1496 2253 1496"/></Shape>
	    <String CONTENT="Grle uisceur ꝑsaisantͬ sa quele je"
                    HPOS="2244"
                    VPOS="1378"
                    WIDTH="1137"
                    HEIGHT="118"></String>
          </TextLine>

          
          
          <TextLine ID="eSc_line_989265be"
                    TAGREFS="LT536"
                    BASELINE="2257 1554 3427 1541" 
                    HPOS="2248"
                    VPOS="1459"
                    WIDTH="1179"
                    HEIGHT="118">
            <Shape><Polygon POINTS="2257 1554 2248 1464 3413 1459 3427 1541 3422 1564 2257 1577"/></Shape>
	    <String CONTENT="vout ay pconnse auant cemꝑe lt"
                    HPOS="2248"
                    VPOS="1459"
                    WIDTH="1179"
                    HEIGHT="118"></String>
          </TextLine>

          
          
          <TextLine ID="eSc_line_08381a94"
                    TAGREFS="LT536"
                    BASELINE="2253 1636 3431 1627" 
                    HPOS="2248"
                    VPOS="1545"
                    WIDTH="1183"
                    HEIGHT="127">
            <Shape><Polygon POINTS="2253 1636 2248 1545 3422 1550 3431 1627 3431 1641 2253 1672"/></Shape>
	    <String CONTENT="se par auenture je sous eusse ditec"
                    HPOS="2248"
                    VPOS="1545"
                    WIDTH="1183"
                    HEIGHT="127"></String>
          </TextLine>

          
          
          <TextLine ID="eSc_line_2f14cf1a"
                    TAGREFS="LT536"
                    BASELINE="2253 1709 3422 1709" 
                    HPOS="2248"
                    VPOS="1632"
                    WIDTH="1174"
                    HEIGHT="113">
            <Shape><Polygon POINTS="2253 1709 2248 1636 3418 1632 3422 1709 3422 1731 2253 1745"/></Shape>
	    <String CONTENT="ces chsẽc Des se cõmentemlnt võs"
                    HPOS="2248"
                    VPOS="1632"
                    WIDTH="1174"
                    HEIGHT="113"></String>
          </TextLine>

          
          
          <TextLine ID="eSc_line_a862cb2b"
                    TAGREFS="LT536"
                    BASELINE="2248 1795 3400 1795" 
                    HPOS="2248"
                    VPOS="1718"
                    WIDTH="1152"
                    HEIGHT="99">
            <Shape><Polygon POINTS="2248 1795 2248 1718 3400 1718 3400 1795 3400 1817 2248 1817"/></Shape>
	    <String CONTENT="ne a terddties pas que Je fet soue"
                    HPOS="2248"
                    VPOS="1718"
                    WIDTH="1152"
                    HEIGHT="99"></String>
          </TextLine>

          
          
          <TextLine ID="eSc_line_a0f7a1bb"
                    TAGREFS="LT536"
                    BASELINE="2253 1876 3404 1876" 
                    HPOS="2248"
                    VPOS="1790"
                    WIDTH="1156"
                    HEIGHT="118">
            <Shape><Polygon POINTS="2253 1876 2248 1799 3400 1790 3404 1876 3404 1899 2253 1908"/></Shape>
	    <String CONTENT="Seusse Siret certes se le fous"
                    HPOS="2248"
                    VPOS="1790"
                    WIDTH="1156"
                    HEIGHT="118"></String>
          </TextLine>

          
          
          <TextLine ID="eSc_line_44cc1067"
                    TAGREFS="LT536"
                    BASELINE="2257 1962 3386 1962" 
                    HPOS="2253"
                    VPOS="1872"
                    WIDTH="1133"
                    HEIGHT="122">
            <Shape><Polygon POINTS="2257 1962 2253 1876 3381 1872 3386 1962 3381 1994 2253 1981"/></Shape>
	    <String CONTENT="euqle peu iõmestement contouire"
                    HPOS="2253"
                    VPOS="1872"
                    WIDTH="1133"
                    HEIGHT="122"></String>
          </TextLine>

          
          
          <TextLine ID="eSc_line_0996d33c"
                    TAGREFS="LT536"
                    BASELINE="2253 2035 3431 2044" 
                    HPOS="2248"
                    VPOS="1944"
                    WIDTH="1183"
                    HEIGHT="118">
            <Shape><Polygon POINTS="2253 2035 2253 1944 3431 1958 3431 2044 3427 2062 2248 2062"/></Shape>
	    <String CONTENT="pal seutier autre que cestui qui est"
                    HPOS="2248"
                    VPOS="1944"
                    WIDTH="1183"
                    HEIGHT="118"></String>
          </TextLine>

          
          
          <TextLine ID="eSc_line_705d8e35"
                    TAGREFS="LT536"
                    BASELINE="2253 2121 3449 2130" 
                    HPOS="2248"
                    VPOS="2040"
                    WIDTH="1201"
                    HEIGHT="117">
            <Shape><Polygon POINTS="2253 2121 2253 2040 3445 2049 3449 2130 3445 2144 2248 2157"/></Shape>
	    <String CONTENT="si aspre et ricõe je seusse vousentiers"
                    HPOS="2248"
                    VPOS="2040"
                    WIDTH="1201"
                    HEIGHT="117"></String>
          </TextLine>

          
          
          <TextLine ID="eSc_line_08a97225"
                    TAGREFS="LT536"
                    BASELINE="2253 2203 3449 2212" 
                    HPOS="2248"
                    VPOS="2117"
                    WIDTH="1201"
                    HEIGHT="122">
            <Shape><Polygon POINTS="2253 2203 2248 2126 3440 2117 3449 2212 3445 2225 2248 2239"/></Shape>
	    <String CONTENT="fait maie pour͛ te que sen ne peust"
                    HPOS="2248"
                    VPOS="2117"
                    WIDTH="1201"
                    HEIGHT="122"></String>
          </TextLine>

          
          
          <TextLine ID="eSc_line_8ceccc96"
                    TAGREFS="LT536"
                    BASELINE="2253 2289 3413 2289" 
                    HPOS="2248"
                    VPOS="2216"
                    WIDTH="1165"
                    HEIGHT="100">
            <Shape><Polygon POINTS="2253 2289 2253 2216 3413 2216 3413 2289 3409 2316 2248 2312"/></Shape>
	    <String CONTENT="monstrer quele eust este la tuise"
                    HPOS="2248"
                    VPOS="2216"
                    WIDTH="1165"
                    HEIGHT="100"></String>
          </TextLine>

          
          
          <TextLine ID="eSc_line_ae2d85a4"
                    TAGREFS="LT536"
                    BASELINE="2253 2375 3422 2375" 
                    HPOS="2253"
                    VPOS="2280"
                    WIDTH="1169"
                    HEIGHT="136">
            <Shape><Polygon POINTS="2253 2375 2253 2280 3422 2298 3422 2375 3422 2398 2253 2416"/></Shape>
	    <String CONTENT="pourhumy tec cent nouvessee quin"
                    HPOS="2253"
                    VPOS="2280"
                    WIDTH="1169"
                    HEIGHT="136"></String>
          </TextLine>

          
          
          <TextLine ID="eSc_line_585d76a6"
                    TAGREFS="LT536"
                    BASELINE="2266 2457 3427 2457" 
                    HPOS="2262"
                    VPOS="2366"
                    WIDTH="1165"
                    HEIGHT="113">
            <Shape><Polygon POINTS="2266 2457 2262 2380 3422 2366 3427 2457 3427 2479 2266 2479"/></Shape>
	    <String CONTENT="a prec se ront seuet auuddtent sant"
                    HPOS="2262"
                    VPOS="2366"
                    WIDTH="1165"
                    HEIGHT="113"></String>
          </TextLine>

          
          
          <TextLine ID="eSc_line_de7124cd"
                    TAGREFS="LT536"
                    BASELINE="2257 2534 3368 2543" 
                    HPOS="2248"
                    VPOS="2434"
                    WIDTH="1120"
                    HEIGHT="127">
            <Shape><Polygon POINTS="2257 2534 2262 2434 2307 2457 3359 2448 3368 2543 3359 2561 2248 2556"/></Shape>
	    <String CONTENT="me cordel ja pestisence Se sa grant"
                    HPOS="2248"
                    VPOS="2434"
                    WIDTH="1120"
                    HEIGHT="127"></String>
          </TextLine>

          
          
          <TextLine ID="eSc_line_4f034836"
                    TAGREFS="LT536"
                    BASELINE="2266 2624 3418 2611" 
                    HPOS="2262"
                    VPOS="2534"
                    WIDTH="1156"
                    HEIGHT="108">
            <Shape><Polygon POINTS="2266 2624 2262 2534 3409 2543 3418 2611 3413 2633 2266 2642"/></Shape>
	    <String CONTENT="moe ta lite p͛resente pour tant se"
                    HPOS="2262"
                    VPOS="2534"
                    WIDTH="1156"
                    HEIGHT="108"></String>
          </TextLine>

          
          
          <TextLine ID="eSc_line_b49596ff"
                    TAGREFS="LT536"
                    BASELINE="2266 2706 3445 2688" 
                    HPOS="2262"
                    VPOS="2615"
                    WIDTH="1183"
                    HEIGHT="114">
            <Shape><Polygon POINTS="2266 2706 2262 2615 3436 2620 3445 2688 3440 2710 2266 2729"/></Shape>
	    <String CONTENT="cõme constrrim͛t par neccessite suit"
                    HPOS="2262"
                    VPOS="2615"
                    WIDTH="1183"
                    HEIGHT="114"></String>
          </TextLine>

          
          
          <TextLine ID="eSc_line_3433090d"
                    TAGREFS="LT536"
                    BASELINE="2257 2783 3431 2774" 
                    HPOS="2253"
                    VPOS="2701"
                    WIDTH="1178"
                    HEIGHT="114">
            <Shape><Polygon POINTS="2257 2783 2253 2701 3422 2701 3431 2774 3431 2792 2257 2815"/></Shape>
	    <String CONTENT="pamnenez a tant que je dle ses dou"
                    HPOS="2253"
                    VPOS="2701"
                    WIDTH="1178"
                    HEIGHT="114"></String>
          </TextLine>

          
          
          <TextLine ID="eSc_line_df1fb6ab"
                    TAGREFS="LT536"
                    BASELINE="2266 2865 3440 2851" 
                    HPOS="2257"
                    VPOS="2760"
                    WIDTH="1183"
                    HEIGHT="127">
            <Shape><Polygon POINTS="2266 2865 2257 2788 3427 2760 3440 2851 3440 2869 2266 2887"/></Shape>
	    <String CONTENT="Leuire et omagee de tesse mottasi"
                    HPOS="2257"
                    VPOS="2760"
                    WIDTH="1183"
                    HEIGHT="127"></String>
          </TextLine>

          
          
          <TextLine ID="eSc_line_46420762"
                    TAGREFS="LT536"
                    BASELINE="2271 2942 3386 2933" 
                    HPOS="2262"
                    VPOS="2865"
                    WIDTH="1124"
                    HEIGHT="108">
            <Shape><Polygon POINTS="2271 2942 2262 2869 3372 2865 3386 2933 3377 2973 2266 2964"/></Shape>
	    <String CONTENT="te qui donna tause destrine ce"
                    HPOS="2262"
                    VPOS="2865"
                    WIDTH="1124"
                    HEIGHT="108"></String>
          </TextLine>

          
          
          <TextLine ID="eSc_line_cb999984"
                    TAGREFS="LT536"
                    BASELINE="2271 3019 3372 3010" 
                    HPOS="2262"
                    VPOS="2942"
                    WIDTH="1110"
                    HEIGHT="99">
            <Shape><Polygon POINTS="2271 3019 2262 2951 3359 2942 3372 3010 3368 3032 2271 3041"/></Shape>
	    <String CONTENT="cuire e tenrt noulielsetl y"
                    HPOS="2262"
                    VPOS="2942"
                    WIDTH="1110"
                    HEIGHT="99"></String>
          </TextLine>

          
          
          <TextLine ID="eSc_line_6151c78e"
                    TAGREFS="LT536"
                    BASELINE="2262 3100 3427 3082" 
                    HPOS="2253"
                    VPOS="3010"
                    WIDTH="1174"
                    HEIGHT="118">
            <Shape><Polygon POINTS="2262 3100 2253 3010 3418 3010 3427 3082 3427 3105 2262 3128"/></Shape>
	    <String CONTENT="Sy que apree sa fout teise ⁊ aĩte"
                    HPOS="2253"
                    VPOS="3010"
                    WIDTH="1174"
                    HEIGHT="118"></String>
          </TextLine>

          
          
          <TextLine ID="eSc_line_f80fbdcb"
                    TAGREFS="LT536"
                    BASELINE="2271 3186 3400 3173" 
                    HPOS="2262"
                    VPOS="3091"
                    WIDTH="1138"
                    HEIGHT="132">
            <Shape><Polygon POINTS="2271 3186 2262 3109 3386 3091 3400 3173 3395 3191 2271 3223"/></Shape>
	    <String CONTENT="Incorrna t͛ion du filz de leu il"
                    HPOS="2262"
                    VPOS="3091"
                    WIDTH="1138"
                    HEIGHT="132"></String>
          </TextLine>

          
          
          <TextLine ID="eSc_line_45abbfe6"
                    TAGREFS="LT536"
                    BASELINE="2271 3268 3418 3245" 
                    HPOS="2262"
                    VPOS="3159"
                    WIDTH="1156"
                    HEIGHT="132">
            <Shape><Polygon POINTS="2271 3268 2262 3200 3404 3159 3418 3245 3413 3286 2271 3291"/></Shape>
	    <String CONTENT="trois cens ꝑbõmi auint sa cruense"
                    HPOS="2262"
                    VPOS="3159"
                    WIDTH="1156"
                    HEIGHT="132"></String>
          </TextLine>

          
          
          <TextLine ID="eSc_line_ec9c47d2"
                    TAGREFS="LT536"
                    BASELINE="2266 3345 3409 3322" 
                    HPOS="2253"
                    VPOS="3250"
                    WIDTH="1156"
                    HEIGHT="136">
            <Shape><Polygon POINTS="2266 3345 2253 3254 3395 3250 3409 3322 3404 3359 2266 3386"/></Shape>
	    <String CONTENT="pestisence e sa grant moritasite"
                    HPOS="2253"
                    VPOS="3250"
                    WIDTH="1156"
                    HEIGHT="136"></String>
          </TextLine>

          
          
          <TextLine ID="eSc_line_06ee164d"
                    TAGREFS="LT536"
                    BASELINE="2275 3418 3395 3409" 
                    HPOS="2266"
                    VPOS="3336"
                    WIDTH="1129"
                    HEIGHT="113">
            <Shape><Polygon POINTS="2275 3418 2266 3350 3381 3336 3395 3409 3390 3449 2275 3449"/></Shape>
	    <String CONTENT="en sa nosse cite de ssocence plus"
                    HPOS="2266"
                    VPOS="3336"
                    WIDTH="1129"
                    HEIGHT="113"></String>
          </TextLine>

          
          
          <TextLine ID="eSc_line_4080769a"
                    TAGREFS="LT536"
                    BASELINE="2275 3504 3368 3481" 
                    HPOS="2266"
                    VPOS="3413"
                    WIDTH="1102"
                    HEIGHT="123">
            <Shape><Polygon POINTS="2275 3504 2266 3422 3354 3413 3368 3481 3363 3522 2275 3536"/></Shape>
	    <String CONTENT="que en autre quesconque cite e"
                    HPOS="2266"
                    VPOS="3413"
                    WIDTH="1102"
                    HEIGHT="123"></String>
          </TextLine>

          
          
          <TextLine ID="eSc_line_28cc94ce"
                    TAGREFS="LT536"
                    BASELINE="2280 3576 3440 3567" 
                    HPOS="2271"
                    VPOS="3495"
                    WIDTH="1169"
                    HEIGHT="122">
            <Shape><Polygon POINTS="2280 3576 2271 3504 3427 3495 3440 3567 3436 3604 2280 3617"/></Shape>
	    <String CONTENT="r tasie . Et cuuint ou ꝑ sounraige"
                    HPOS="2271"
                    VPOS="3495"
                    WIDTH="1169"
                    HEIGHT="122"></String>
          </TextLine>

          
          
          <TextLine ID="eSc_line_3fc96538"
                    TAGREFS="LT536"
                    BASELINE="2275 3662 3409 3653" 
                    HPOS="2266"
                    VPOS="3572"
                    WIDTH="1143"
                    HEIGHT="131">
            <Shape><Polygon POINTS="2275 3662 2266 3590 3395 3572 3409 3653 3404 3676 2275 3703"/></Shape>
	    <String CONTENT="Su cies et des planẽtes ou par"
                    HPOS="2266"
                    VPOS="3572"
                    WIDTH="1143"
                    HEIGHT="131"></String>
          </TextLine>

          
          
          <TextLine ID="eSc_line_872b3230"
                    TAGREFS="LT536"
                    BASELINE="2284 3735 3440 3744" 
                    HPOS="2280"
                    VPOS="3640"
                    WIDTH="1160"
                    HEIGHT="131">
            <Shape><Polygon POINTS="2284 3735 2284 3662 2529 3662 2543 3658 2579 3640 2584 3640 2588 3640 2593 3640 2597 3640 2615 3653 2633 3662 2865 3649 3023 3644 3028 3644 3073 3649 3236 3667 3431 3644 3440 3744 3436 3762 2280 3771"/></Shape>
	    <String CONTENT="souuraige ⁊e nont hõmes pecẽt"
                    HPOS="2280"
                    VPOS="3640"
                    WIDTH="1160"
                    HEIGHT="131"></String>
          </TextLine>

          
          
          <TextLine ID="eSc_line_ae5c3b17"
                    TAGREFS="LT536"
                    BASELINE="2284 3826 3400 3826" 
                    HPOS="2284"
                    VPOS="3753"
                    WIDTH="1116"
                    HEIGHT="113">
            <Shape><Polygon POINTS="2284 3826 2284 3753 3400 3753 3400 3826 3400 3857 2284 3866"/></Shape>
	    <String CONTENT="car en teste mottalite pour nre"
                    HPOS="2284"
                    VPOS="3753"
                    WIDTH="1116"
                    HEIGHT="113"></String>
          </TextLine>

          
          
          <TextLine ID="eSc_line_e4184a49"
                    TAGREFS="LT536"
                    BASELINE="2289 3912 3472 3903" 
                    HPOS="2280"
                    VPOS="3830"
                    WIDTH="1192"
                    HEIGHT="123">
            <Shape><Polygon POINTS="2289 3912 2280 3839 3458 3830 3472 3903 3472 3930 2289 3953"/></Shape>
	    <String CONTENT="cotrettion et amenddement se juste"
                    HPOS="2280"
                    VPOS="3830"
                    WIDTH="1192"
                    HEIGHT="123"></String>
          </TextLine>

          
          
          <TextLine ID="eSc_line_d8d454a6"
                    TAGREFS="LT536"
                    BASELINE="2293 3998 3427 3984" 
                    HPOS="2284"
                    VPOS="3916"
                    WIDTH="1143"
                    HEIGHT="109">
            <Shape><Polygon POINTS="2293 3998 2284 3925 3413 3916 3427 3984 3422 4021 2293 4025"/></Shape>
	    <String CONTENT="coureoup e ieu fu enuoiez sur"
                    HPOS="2284"
                    VPOS="3916"
                    WIDTH="1143"
                    HEIGHT="109"></String>
          </TextLine>

          
          
          <TextLine ID="eSc_line_9bc2375a"
                    TAGREFS="LT536"
                    BASELINE="2289 4084 3458 4066" 
                    HPOS="2280"
                    VPOS="3993"
                    WIDTH="1178"
                    HEIGHT="168">
            <Shape><Polygon POINTS="2289 4084 2280 4012 3445 3993 3458 4066 3454 4129 3168 4120 3037 4129 2819 4152 2815 4152 2810 4152 2806 4152 2778 4129 2774 4129 2769 4129 2724 4152 2720 4152 2715 4152 2602 4129 2588 4129 2584 4129 2556 4157 2552 4157 2547 4157 2547 4161 2425 4161 2420 4157 2284 4129"/></Shape>
	    <String CONTENT="set hõmee morcesͬ par autũt ane"
                    HPOS="2280"
                    VPOS="3993"
                    WIDTH="1178"
                    HEIGHT="168"></String>
          </TextLine>

          
          
          <TextLine ID="eSc_line_df4da708"
                    TAGREFS="LT537"
                    BASELINE="3513 2996 3721 2987" 
                    HPOS="3504"
                    VPOS="2869"
                    WIDTH="217"
                    HEIGHT="159">
            <Shape><Polygon POINTS="3513 2996 3504 2869 3712 2901 3721 2987 3712 3028 3508 3023"/></Shape>
	    <String CONTENT="LS sa"
                    HPOS="3504"
                    VPOS="2869"
                    WIDTH="217"
                    HEIGHT="159"></String>
          </TextLine>

          
          
          <TextLine ID="eSc_line_69d28a9c"
                    TAGREFS="LT537"
                    BASELINE="3540 3073 3744 3064" 
                    HPOS="3531"
                    VPOS="2964"
                    WIDTH="213"
                    HEIGHT="182">
            <Shape><Polygon POINTS="3540 3073 3531 2996 3730 2964 3744 3064 3744 3114 3540 3146"/></Shape>
	    <String CONTENT="ySoe"
                    HPOS="3531"
                    VPOS="2964"
                    WIDTH="213"
                    HEIGHT="182"></String>
          </TextLine>

          
        </TextBlock>
        
        <TextBlock HPOS="1887"
                   VPOS="355"
                   WIDTH="485"
                   HEIGHT="200"
                   ID="eSc_textblock_80714097"
                   TAGREFS="BT1626">
          <Shape><Polygon POINTS="1887 555 1893 453 2097 415 2179 355 2214 361 2227 430 2372 431 2372 540"/></Shape>
          
        </TextBlock>
        
        <TextBlock HPOS="417"
                   VPOS="2917"
                   WIDTH="424"
                   HEIGHT="233"
                   ID="eSc_textblock_2bb23a55"
                   TAGREFS="BT1624">
          <Shape><Polygon POINTS="471 3150 417 3023 453 2955 841 2917 841 3137"/></Shape>
          
        </TextBlock>
        
        <TextBlock HPOS="3494"
                   VPOS="2937"
                   WIDTH="255"
                   HEIGHT="159"
                   ID="eSc_textblock_d92090d7"
                   TAGREFS="BT1624">
          <Shape><Polygon POINTS="3536 2937 3730 2937 3749 3078 3536 3096 3494 3054 3494 2990"/></Shape>
          
        </TextBlock>
        

        
        <TextBlock ID="eSc_dummyblock_">
          
          
          <TextLine ID="eSc_line_612b3fcf"
                    TAGREFS="LT539"
                    BASELINE="1894 498 2348 489" 
                    HPOS="1881"
                    VPOS="344"
                    WIDTH="467"
                    HEIGHT="209">
            <Shape><Polygon POINTS="1894 498 1881 403 2058 389 2144 344 2148 344 2153 344 2339 380 2348 489 2348 548 1894 553"/></Shape>
	    <String CONTENT="flegu"
                    HPOS="1881"
                    VPOS="344"
                    WIDTH="467"
                    HEIGHT="209"></String>
          </TextLine>

          
          
          <TextLine ID="eSc_line_b5828bb3"
                    TAGREFS="LT536"
                    BASELINE="1278 1867 2071 1854" 
                    HPOS="1269"
                    VPOS="1718"
                    WIDTH="802"
                    HEIGHT="172">
            <Shape><Polygon POINTS="1278 1867 1269 1786 1600 1777 1618 1758 1636 1745 1636 1740 1641 1740 1645 1740 1650 1740 1654 1740 1681 1754 1718 1772 1772 1745 1836 1718 1840 1718 1845 1718 2062 1727 2071 1854 2071 1867 1278 1890"/></Shape>
	    <String CONTENT="ee tree gracieuser dainee"
                    HPOS="1269"
                    VPOS="1718"
                    WIDTH="802"
                    HEIGHT="172"></String>
          </TextLine>

          
          
          <TextLine ID="eSc_line_95c20040"
                    TAGREFS="LT536"
                    BASELINE="1299 1952 1326 1955 1378 1959 1541 1959 2018 1959" 
                    HPOS="1287"
                    VPOS="1849"
                    WIDTH="730"
                    HEIGHT="123">
            <Shape><Polygon POINTS="1296 1949 1296 1849 2012 1863 2017 1958 2008 1972 1287 1962"/></Shape>
	    <String CONTENT="toutet ẽt quantee fois"
                    HPOS="1287"
                    VPOS="1849"
                    WIDTH="730"
                    HEIGHT="123"></String>
          </TextLine>

          
          
          <TextLine ID="eSc_line_f614af08"
                    TAGREFS="LT536"
                    BASELINE="865 2108 2044 2098" 
                    HPOS="856"
                    VPOS="2030"
                    WIDTH="1188"
                    HEIGHT="96">
            <Shape><Polygon POINTS="865 2108 856 2044 2030 2030 2044 2098 2044 2121 865 2126"/></Shape>
	    <String CONTENT="auec moy coment voiit escet natu"
                    HPOS="856"
                    VPOS="2030"
                    WIDTH="1188"
                    HEIGHT="96"></String>
          </TextLine>

          
          
          <TextLine ID="eSc_line_fc4fab27"
                    TAGREFS="LT536"
                    BASELINE="870 2185 2021 2185" 
                    HPOS="870"
                    VPOS="2108"
                    WIDTH="1151"
                    HEIGHT="99">
            <Shape><Polygon POINTS="870 2185 870 2108 2021 2108 2021 2185 2021 2207 870 2207"/></Shape>
	    <String CONTENT="reluient et ousces et piteusetl"
                    HPOS="870"
                    VPOS="2108"
                    WIDTH="1151"
                    HEIGHT="99"></String>
          </TextLine>

          
          
          <TextLine ID="eSc_line_37afe4ac"
                    TAGREFS="LT536"
                    BASELINE="847 2266 2030 2257" 
                    HPOS="834"
                    VPOS="2162"
                    WIDTH="1196"
                    HEIGHT="136">
            <Shape><Polygon POINTS="847 2266 834 2189 2017 2162 2030 2257 2026 2289 847 2298"/></Shape>
	    <String CONTENT="Se tant le cogois plut clerenẽt"
                    HPOS="834"
                    VPOS="2162"
                    WIDTH="1196"
                    HEIGHT="136"></String>
          </TextLine>

          
          
          <TextLine ID="eSc_line_aee4e6b8"
                    TAGREFS="LT536"
                    BASELINE="870 2352 2035 2339" 
                    HPOS="861"
                    VPOS="2262"
                    WIDTH="1174"
                    HEIGHT="108">
            <Shape><Polygon POINTS="870 2352 861 2271 2021 2262 2035 2339 2035 2361 870 2370"/></Shape>
	    <String CONTENT="que cestili present liure Jelon yre"
                    HPOS="861"
                    VPOS="2262"
                    WIDTH="1174"
                    HEIGHT="108"></String>
          </TextLine>

          
          
          <TextLine ID="eSc_line_c0d977d1"
                    TAGREFS="LT536"
                    BASELINE="852 2420 2012 2429" 
                    HPOS="843"
                    VPOS="2339"
                    WIDTH="1169"
                    HEIGHT="127">
            <Shape><Polygon POINTS="852 2420 852 2339 2008 2348 2012 2429 2003 2466 843 2461"/></Shape>
	    <String CONTENT="Jutement aura cõment͛ement"
                    HPOS="843"
                    VPOS="2339"
                    WIDTH="1169"
                    HEIGHT="127"></String>
          </TextLine>

          
          
          <TextLine ID="eSc_line_7c273496"
                    TAGREFS="LT536"
                    BASELINE="874 2506 2012 2506" 
                    HPOS="874"
                    VPOS="2434"
                    WIDTH="1138"
                    HEIGHT="100">
            <Shape><Polygon POINTS="874 2506 874 2434 2012 2434 2012 2506 2012 2529 874 2534"/></Shape>
	    <String CONTENT="gries et lafourieup. cest assauoir"
                    HPOS="874"
                    VPOS="2434"
                    WIDTH="1138"
                    HEIGHT="100"></String>
          </TextLine>

          
          
          <TextLine ID="eSc_line_9f649a4b"
                    TAGREFS="LT536"
                    BASELINE="874 2593 2021 2584" 
                    HPOS="865"
                    VPOS="2502"
                    WIDTH="1156"
                    HEIGHT="118">
            <Shape><Polygon POINTS="874 2593 865 2520 2008 2502 2021 2584 2017 2620 874 2620"/></Shape>
	    <String CONTENT="Su oulereup ecots Se la pesci"
                    HPOS="865"
                    VPOS="2502"
                    WIDTH="1156"
                    HEIGHT="118"></String>
          </TextLine>

          
          
          <TextLine ID="eSc_line_e105b0ca"
                    TAGREFS="LT536"
                    BASELINE="874 2670 2044 2674" 
                    HPOS="865"
                    VPOS="2579"
                    WIDTH="1179"
                    HEIGHT="122">
            <Shape><Polygon POINTS="874 2670 870 2593 2035 2579 2044 2674 2035 2701 865 2688"/></Shape>
	    <String CONTENT="sence mottanite Seite niert͛ ment"
                    HPOS="865"
                    VPOS="2579"
                    WIDTH="1179"
                    HEIGHT="122"></String>
          </TextLine>

          
          
          <TextLine ID="eSc_line_a0ad5bb5"
                    TAGREFS="LT536"
                    BASELINE="865 2747 2044 2765" 
                    HPOS="861"
                    VPOS="2670"
                    WIDTH="1183"
                    HEIGHT="145">
            <Shape><Polygon POINTS="865 2747 865 2670 2044 2679 2044 2765 2040 2783 1881 2815 1876 2815 1695 2788 1645 2783 1622 2792 1582 2806 1577 2806 1573 2806 1437 2792 1305 2778 1187 2797 1137 2801 1133 2801 1128 2801 1124 2801 1119 2797 1088 2774 861 2797"/></Shape>
	    <String CONTENT="paisee qui fu mouist õmatyeuse"
                    HPOS="861"
                    VPOS="2670"
                    WIDTH="1183"
                    HEIGHT="145"></String>
          </TextLine>

          
          
          <TextLine ID="eSc_line_c49dc356"
                    TAGREFS="LT536"
                    BASELINE="884 2837 2058 2860" 
                    HPOS="874"
                    VPOS="2738"
                    WIDTH="1184"
                    HEIGHT="149">
            <Shape><Polygon POINTS="884 2837 879 2760 1097 2738 1101 2738 1106 2738 1110 2738 1133 2756 1146 2765 1423 2756 1604 2751 1609 2751 1663 2756 1881 2778 2053 2756 2058 2860 2053 2874 1400 2887 1396 2887 874 2851"/></Shape>
	    <String CONTENT="elꝰ plouabse a cmiscun qui la nt"
                    HPOS="874"
                    VPOS="2738"
                    WIDTH="1184"
                    HEIGHT="149"></String>
          </TextLine>

          
          
          <TextLine ID="eSc_line_d2cde5e5"
                    TAGREFS="LT536"
                    BASELINE="874 2942 2071 2942" 
                    HPOS="870"
                    VPOS="2842"
                    WIDTH="1201"
                    HEIGHT="154">
            <Shape><Polygon POINTS="874 2942 874 2842 2071 2842 2071 2942 2071 2969 1663 2996 1659 2996 1654 2996 1650 2996 1618 2969 1609 2964 1573 2969 1341 2992 1337 2992 1332 2992 1269 2969 1183 2996 1178 2996 1174 2996 1169 2996 1165 2996 1115 2964 870 2960"/></Shape>
	    <String CONTENT="euant jon front et pui autmẽt"
                    HPOS="870"
                    VPOS="2842"
                    WIDTH="1201"
                    HEIGHT="154"></String>
          </TextLine>

          
          
          <TextLine ID="eSc_line_d14c1fc0"
                    TAGREFS="LT536"
                    BASELINE="897 3014 2049 3028" 
                    HPOS="888"
                    VPOS="2937"
                    WIDTH="1161"
                    HEIGHT="109">
            <Shape><Polygon POINTS="897 3014 893 2946 2040 2937 2049 3028 2040 3046 888 3032"/></Shape>
	    <String CONTENT="en a eri cotoissancese ne"
                    HPOS="888"
                    VPOS="2937"
                    WIDTH="1161"
                    HEIGHT="109"></String>
          </TextLine>

          
          
          <TextLine ID="eSc_line_0ceeee65"
                    TAGREFS="LT536"
                    BASELINE="884 3100 2049 3118" 
                    HPOS="874"
                    VPOS="3019"
                    WIDTH="1175"
                    HEIGHT="113">
            <Shape><Polygon POINTS="884 3100 884 3019 2044 3041 2049 3118 2040 3132 874 3123"/></Shape>
	    <String CONTENT="oueil pat toutesuoiet quie lire ou"
                    HPOS="874"
                    VPOS="3019"
                    WIDTH="1175"
                    HEIGHT="113"></String>
          </TextLine>

          
          
          <TextLine ID="eSc_line_12f02b6c"
                    TAGREFS="LT536"
                    BASELINE="861 3196 2030 3186" 
                    HPOS="852"
                    VPOS="3114"
                    WIDTH="1178"
                    HEIGHT="113">
            <Shape><Polygon POINTS="861 3196 852 3114 2021 3114 2030 3186 2030 3209 861 3227"/></Shape>
	    <String CONTENT="receĩder en oustre let domagee"
                    HPOS="852"
                    VPOS="3114"
                    WIDTH="1178"
                    HEIGHT="113"></String>
          </TextLine>

          
          
          <TextLine ID="eSc_line_f09595dd"
                    TAGREFS="LT536"
                    BASELINE="897 3273 2044 3264" 
                    HPOS="888"
                    VPOS="3182"
                    WIDTH="1156"
                    HEIGHT="122">
            <Shape><Polygon POINTS="897 3273 888 3186 2030 3182 2044 3264 2040 3282 897 3304"/></Shape>
	    <String CONTENT="et ses ꝑseurs Se cesse mottalce"
                    HPOS="888"
                    VPOS="3182"
                    WIDTH="1156"
                    HEIGHT="122"></String>
          </TextLine>

          
          
          <TextLine ID="eSc_line_0b2385ec"
                    TAGREFS="LT536"
                    BASELINE="902 3350 2067 3341" 
                    HPOS="893"
                    VPOS="3254"
                    WIDTH="1174"
                    HEIGHT="123">
            <Shape><Polygon POINTS="902 3350 893 3273 2053 3254 2067 3341 2062 3377 902 3377"/></Shape>
	    <String CONTENT="vout esla hisse ne escouraute aisi"
                    HPOS="893"
                    VPOS="3254"
                    WIDTH="1174"
                    HEIGHT="123"></String>
          </TextLine>

          
          
          <TextLine ID="eSc_line_effe4eb4"
                    TAGREFS="LT536"
                    BASELINE="906 3431 2067 3431" 
                    HPOS="906"
                    VPOS="3350"
                    WIDTH="1161"
                    HEIGHT="108">
            <Shape><Polygon POINTS="906 3431 906 3350 2067 3359 2067 3431 2067 3458 906 3458"/></Shape>
	    <String CONTENT="cõme se en bisant cestui pcõlogue"
                    HPOS="906"
                    VPOS="3350"
                    WIDTH="1161"
                    HEIGHT="108"></String>
          </TextLine>

          
          
          <TextLine ID="eSc_line_23b29200"
                    TAGREFS="LT536"
                    BASELINE="902 3504 1981 3504" 
                    HPOS="897"
                    VPOS="3422"
                    WIDTH="1084"
                    HEIGHT="118">
            <Shape><Polygon POINTS="902 3504 902 3422 1981 3431 1981 3504 1976 3540 897 3531"/></Shape>
	    <String CONTENT="Gout Seujsiel tousiours passer"
                    HPOS="897"
                    VPOS="3422"
                    WIDTH="1084"
                    HEIGHT="118"></String>
          </TextLine>

          
          
          <TextLine ID="eSc_line_c8cee8eb"
                    TAGREFS="LT536"
                    BASELINE="902 3590 2053 3576" 
                    HPOS="893"
                    VPOS="3504"
                    WIDTH="1160"
                    HEIGHT="109">
            <Shape><Polygon POINTS="902 3590 893 3508 2040 3504 2053 3576 2049 3604 902 3613"/></Shape>
	    <String CONTENT="temps en souspire et en larmnee."
                    HPOS="893"
                    VPOS="3504"
                    WIDTH="1160"
                    HEIGHT="109"></String>
          </TextLine>

          
          
          <TextLine ID="eSc_line_ab3c2d92"
                    TAGREFS="LT536"
                    BASELINE="879 3672 2067 3662" 
                    HPOS="870"
                    VPOS="3576"
                    WIDTH="1197"
                    HEIGHT="127">
            <Shape><Polygon POINTS="879 3672 870 3599 2053 3576 2067 3662 2067 3694 879 3703"/></Shape>
	    <String CONTENT="Le cõmencement Se ceste premiẽ"
                    HPOS="870"
                    VPOS="3576"
                    WIDTH="1197"
                    HEIGHT="127"></String>
          </TextLine>

          
          
          <TextLine ID="eSc_line_252e6ffd"
                    TAGREFS="LT536"
                    BASELINE="902 3744 2003 3735" 
                    HPOS="893"
                    VPOS="3653"
                    WIDTH="1110"
                    HEIGHT="136">
            <Shape><Polygon POINTS="902 3744 893 3672 1990 3653 2003 3735 1999 3780 902 3789"/></Shape>
	    <String CONTENT="Jour nee cout sera aisi tõmie qst"
                    HPOS="893"
                    VPOS="3653"
                    WIDTH="1110"
                    HEIGHT="136"></String>
          </TextLine>

          
          
          <TextLine ID="eSc_line_540a1d88"
                    TAGREFS="LT536"
                    BASELINE="906 3826 2067 3817" 
                    HPOS="897"
                    VPOS="3753"
                    WIDTH="1170"
                    HEIGHT="95">
            <Shape><Polygon POINTS="906 3826 897 3762 2053 3753 2067 3817 2062 3844 906 3848"/></Shape>
	    <String CONTENT="aup chemineuirt vne aspte et an"
                    HPOS="897"
                    VPOS="3753"
                    WIDTH="1170"
                    HEIGHT="95"></String>
          </TextLine>

          
          
          <TextLine ID="eSc_line_bbc2dfb3"
                    TAGREFS="LT536"
                    BASELINE="911 3907 2089 3907" 
                    HPOS="911"
                    VPOS="3821"
                    WIDTH="1178"
                    HEIGHT="127">
            <Shape><Polygon POINTS="911 3907 911 3821 2089 3826 2089 3907 2089 3925 911 3948"/></Shape>
	    <String CONTENT="gereuse montargie enlpces saq̃se"
                    HPOS="911"
                    VPOS="3821"
                    WIDTH="1178"
                    HEIGHT="127"></String>
          </TextLine>

          
          
          <TextLine ID="eSc_line_08269f06"
                    TAGREFS="LT536"
                    BASELINE="915 3980 2089 3993" 
                    HPOS="897"
                    VPOS="3907"
                    WIDTH="1192"
                    HEIGHT="127">
            <Shape><Polygon POINTS="915 3980 915 3907 2085 3916 2089 3993 2080 4034 1663 4012 1527 4016 1310 4030 1305 4030 1301 4030 1296 4030 1264 4012 1260 4007 1219 4007 952 4025 947 4025 942 4025 938 4025 897 3998"/></Shape>
	    <String CONTENT="est Gne tresgracieuse plaitne qui"
                    HPOS="897"
                    VPOS="3907"
                    WIDTH="1192"
                    HEIGHT="127"></String>
          </TextLine>

          
          
          <TextLine ID="eSc_line_faff6c7d"
                    TAGREFS="LT536"
                    BASELINE="920 4080 2062 4080" 
                    HPOS="915"
                    VPOS="3989"
                    WIDTH="1147"
                    HEIGHT="208">
            <Shape><Polygon POINTS="920 4080 915 4002 2058 3989 2062 4080 2062 4134 1944 4161 1940 4161 1845 4143 1826 4138 1817 4143 1740 4193 1736 4193 1731 4193 1731 4197 1482 4197 1477 4193 1473 4193 1468 4193 1468 4188 1428 4152 1423 4152 1201 4138 1074 4152 1065 4161 1038 4188 1038 4193 1033 4193 1029 4193 1024 4193 915 4166"/></Shape>
	    <String CONTENT="si plut plnsine ⁊ poꝰ destrtaist"
                    HPOS="915"
                    VPOS="3989"
                    WIDTH="1147"
                    HEIGHT="208"></String>
          </TextLine>

          
          
          <TextLine ID="eSc_line_f05371ee"
                    TAGREFS="LT537"
                    BASELINE="439 3028 811 3019" 
                    HPOS="426"
                    VPOS="2896"
                    WIDTH="385"
                    HEIGHT="182">
            <Shape><Polygon POINTS="439 3028 426 2919 797 2896 811 3019 806 3078 435 3064"/></Shape>
	    <String CONTENT="9 hoe x"
                    HPOS="426"
                    VPOS="2896"
                    WIDTH="385"
                    HEIGHT="182"></String>
          </TextLine>

          
          
          <TextLine ID="eSc_line_b29e31e4"
                    TAGREFS="LT537"
                    BASELINE="453 3128 779 3105" 
                    HPOS="439"
                    VPOS="3041"
                    WIDTH="340"
                    HEIGHT="145">
            <Shape><Polygon POINTS="453 3128 439 3060 766 3041 779 3105 779 3182 453 3186"/></Shape>
	    <String CONTENT="Demuiy"
                    HPOS="439"
                    VPOS="3041"
                    WIDTH="340"
                    HEIGHT="145"></String>
          </TextLine>

          
        </TextBlock>
        
      </PrintSpace>
    </Page>
  </Layout>
</alto>
